"Length","Method","Category","Runtime operations per batch","Retained results per batch","Peak/allocation operations per batch","Runtime (µs / operation)","Retained heap (B / result)","Estimated peak heap increase (B / batch)","Estimated total allocations (B / operation)","Heap snapshot after construction (B / result)"
"4","mySelectionSort","custom","10000","1000","1000","0.920","184.056","803376.000","491.664","560.832"
"4","mySelectionSort2","custom","10000","1000","1000","2.769","81.024","1078200.000","879.960","926.112"
"4","mySelectionSort3","custom","10000","1000","1000","2.964","80.000","1101192.000","1011.104","1071.904"
"4","mySelectionSort4","custom","10000","1000","1000","2.951","80.128","1073536.000","763.688","821.640"
"4","referenceSelectionSort","reference","10000","1000","1000","1.144","184.056","803328.000","508.664","550.576"
"4","nativeNumericSort","built-in","10000","1000","1000","0.641","74.248","1202736.000","1035.480","1018.296"
"16","mySelectionSort","custom","7812","1000","1000","4.708","183.952","1030968.000","1249.960","1335.040"
"16","mySelectionSort2","custom","7812","1000","1000","5.308","176.000","1078192.000","2161.536","380.104"
"16","mySelectionSort3","custom","7812","1000","1000","7.748","176.000","1100776.000","2316.600","470.952"
"16","mySelectionSort4","custom","7812","1000","1000","5.580","175.952","1078080.000","1407.744","1564.904"
"16","referenceSelectionSort","reference","7812","1000","1000","3.825","183.952","1030968.000","1256.264","1330.144"
"16","nativeNumericSort","built-in","7812","1000","1000","1.283","176.000","1100688.000","1220.608","1347.152"
"64","mySelectionSort","custom","488","1000","312","17.155","703.952","1030968.000","5344.333","2195.800"
"64","mySelectionSort2","custom","488","1000","312","22.810","560.000","1030968.000","9094.231","1745.056"
"64","mySelectionSort3","custom","488","1000","312","36.710","559.952","1078104.000","9159.718","1834.736"
"64","mySelectionSort4","custom","488","1000","312","26.775","559.952","1078112.000","5602.436","2442.752"
"64","referenceSelectionSort","reference","488","1000","312","31.569","703.952","1030968.000","5347.846","2166.928"
"64","nativeNumericSort","built-in","488","1000","312","8.365","559.952","829504.000","2223.513","1105.968"
"256","mySelectionSort","custom","30","781","78","107.775","2911.939","1030472.000","23908.615","6785.885"
"256","mySelectionSort2","custom","30","781","78","134.018","2095.939","1030968.000","38002.974","4781.603"
"256","mySelectionSort3","custom","30","781","78","305.632","2095.939","1079600.000","37620.513","4927.621"
"256","mySelectionSort4","custom","30","781","78","246.679","2095.939","1075888.000","23214.256","6071.099"
"256","referenceSelectionSort","reference","30","781","78","217.551","2911.939","1030472.000","22941.949","6785.885"
"256","nativeNumericSort","built-in","30","781","78","60.987","2095.939","604272.000","6933.436","3834.233"
"1024","mySelectionSort","custom","3","256","20","1147.837","10359.813","1030968.000","94170.000","16176.906"
"1024","mySelectionSort2","custom","3","256","20","1278.207","8239.813","1039200.000","150455.600","21058.594"
"1024","mySelectionSort3","custom","3","256","20","1567.283","8239.813","1211040.000","148492.400","21244.500"
"1024","mySelectionSort4","custom","3","256","20","1988.677","8239.813","1069296.000","91911.600","12033.969"
"1024","referenceSelectionSort","reference","3","256","20","1261.770","10359.813","1030912.000","93518.400","16162.250"
"1024","nativeNumericSort","built-in","3","256","20","482.370","8239.813","592704.000","26915.200","17241.531"
"2048","mySelectionSort","custom","3","256","20","2779.089","23599.813","2057144.000","197010.400","45398.156"
"2048","mySelectionSort2","custom","3","256","20","4044.307","16431.813","2055264.000","307437.600","19642.969"
"2048","mySelectionSort3","custom","3","256","20","4950.224","16431.813","2120296.000","308952.000","19762.813"
"2048","mySelectionSort4","custom","3","256","20","4254.228","16431.813","2107120.000","192452.000","35073.531"
"2048","referenceSelectionSort","reference","3","256","20","3680.272","23599.813","2057136.000","198806.400","45168.500"
"2048","nativeNumericSort","built-in","3","256","20","713.598","16431.813","1067376.000","52591.600","18913.250"
